QkfNC-dcxd8,360,360,square
eMGsL-se12k,360,640,vertical
jUFdk--vV9A,360,640,vertical
UknQZ-L_680,360,640,vertical
ttiVD--yZrI,360,640,vertical
GuLkp-Z-zjQ,480,360,horizontal
LuQRR-Yxtvo,360,640,vertical
OxswL-2p77E,640,330,horizontal
qMJVO-EvQD4,202,360,vertical
qgBBo-qfBbY,640,360,horizontal
ubwhX-XDFng,360,640,vertical
eCqyK-5fIUY,636,360,horizontal
IOPUE-uJFjA,600,360,horizontal
wZoOW-K-xpw,636,360,horizontal
HBUtY-1ApSs,640,360,horizontal
xYDcQ-xhz6Y,640,360,horizontal
niviE-ea-hc,640,360,horizontal
QGuLQ-K36hU,640,360,horizontal
iaVuD-zk-JU,360,640,vertical
oTAWt-eRgy8,640,360,horizontal
UZMBc-D4Nyk,636,360,horizontal
PSiay-T6pUs,640,360,horizontal
fOpUX-femrI,640,360,horizontal
Kqufi-6kvgM,640,360,horizontal
qiRly-s8Sps,640,360,horizontal
MzGdB-oW73A,202,360,vertical
oXJSJ-D1wH8,360,640,vertical
Tdtuw-pxlRE,640,360,horizontal
QJzrB-1BfRk,480,360,horizontal
EsJtI-WH9Is,320,240,horizontal
RWFqy-c5A6M,640,360,horizontal
vrpNA-mdf_g,360,360,square
rdJnw-DzUds,640,360,horizontal
SXNiE-LDg2E,272,360,vertical
SvKgr-YpAgI,270,360,vertical
mSzgj-sWbk4,360,640,vertical
zShUA-Sc8_I,640,360,horizontal
NFYOx-87CcE,480,360,horizontal
TrvTW-6MIwg,640,360,horizontal
bTnOo-fZgbc,640,360,horizontal
UDPPp-W9NBA,640,360,horizontal
MYiFp-Rdq7U,640,360,horizontal
KTMfM-y1_-c,480,272,horizontal
reDNI--kkmk,480,360,horizontal
dsOYp-HyR8E,640,360,horizontal
MgEDj-P4mAY,640,360,horizontal
vMxCz-eIXio,640,360,horizontal
WYitd-uOUaU,640,360,horizontal
QrUQH-rDrkY,360,640,vertical
fpMMa-CiqF8,640,360,horizontal
DTsMb-EsVTc,480,360,horizontal
wTnHX-Yo50I,480,360,horizontal
QGBzI-6eFBQ,640,360,horizontal
Oatci-iyRy4,360,640,vertical
hSuFE-Ux6xE,360,640,vertical
RelQy-5KIUU,540,360,horizontal
OrHnc-lyiJc,640,360,horizontal
TsFGE-tJ-nM,640,360,horizontal
MkXJK-UNDcI,640,288,horizontal
ZvGxK-YJHMA,360,640,vertical
XByEj-7BaDM,640,360,horizontal
UVOIb-jQkLg,640,360,horizontal
QaszB-9j-mY,640,346,horizontal
dHSBE-NTkW0,640,360,horizontal
OGHEN-Kxaec,240,360,vertical
Nbnee-8C9LM,640,360,horizontal
eHHzd-UNoT0,640,360,horizontal
MPVdp-jUdLY,640,360,horizontal
bTSGv-jILa0,640,360,horizontal
cJWJG-QICoQ,640,360,horizontal
frnUf-oLOBI,640,360,horizontal
uNIms-B3sXg,640,360,horizontal
ezlbJ-DUBeM,640,360,horizontal
IAmtA-KOIhY,360,360,square
yJwsd-G9qZM,640,360,horizontal
fRGUU-omWYg,640,360,horizontal
DHdWO-Prfvs,360,640,vertical
GAzRw-o4iss,640,360,horizontal
DFOeU-kPDa4,640,360,horizontal
jTFWT-8GUWs,640,360,horizontal
jqyvN-su5to,640,360,horizontal
RoVvM-rkCvE,640,360,horizontal
diKDV-eetHc,640,360,horizontal
TKRfj-gUuts,360,640,vertical
qUiXu-7xwaU,360,640,vertical
eXlYm-eFCSQ,640,360,horizontal
cNrBp-Fg2Qg,640,360,horizontal
OhoSt-N5K3A,640,360,horizontal
ulkCy-kg0ZU,640,360,horizontal
RMZmn-keYUY,640,360,horizontal
LuyrG-RnaWg,640,360,horizontal
xXhhM-uROCQ,640,360,horizontal
DsJIH-x2bqc,480,360,horizontal
QXkZF-xE8PE,576,360,horizontal
JBzJR-8mhVk,540,360,horizontal
HYInC--diV4,640,360,horizontal
EPdyn-jUXyk,360,360,square
EUBin-0xXio,360,640,vertical
KQumn-5NhNU,360,360,square
sVJZY-zseM0,640,360,horizontal
VttMP-o4CrE,640,360,horizontal
WsSMT-h57WM,640,360,horizontal
tTpsT-sd98A,640,360,horizontal
MSMRX-8vcPU,202,360,vertical
pAqAS-PJPh0,640,360,horizontal
OcVTB-acXZ4,360,640,vertical
aGXFp-AmHxQ,360,360,square
QutMq-etQxU,640,360,horizontal
ppGuz-5uNmk,320,240,horizontal
XJoGU-J-GNM,360,360,square
NdZGO-WN3xg,640,360,horizontal
kdpoe-idSYQ,640,360,horizontal
LgXay-nOk_0,202,360,vertical
TkBio-vV7CA,640,360,horizontal
nxLIs-2Il9c,360,360,square
YUysf-d7zPE,640,360,horizontal
iZsVY-Hjcd0,202,360,vertical
qzLQC-B1LHA,640,360,horizontal
JTrmf-ZowzU,360,360,square
MSRhi-R5Du0,640,360,horizontal
mRqcu-mCljg,640,360,horizontal
YWbks-Da14s,270,360,vertical
qdcWY-Z3vjs,480,360,horizontal
fzQWW-e0_2w,202,360,vertical
oMMzD-O1_e0,640,360,horizontal
YPrZF-rKQ40,202,360,vertical
EMTRo-qMMEo,202,360,vertical
utsbJ-BB28M,640,360,horizontal
BgdQK-wZpCo,640,360,horizontal
BtPIJ-pyou0,640,360,horizontal
TcUfV-Uycmc,360,640,vertical
EHkLK-DVYUU,320,240,horizontal
fLcYw-FaA7s,640,360,horizontal
GZgNf-Qv278,640,360,horizontal
Zwyza-6zssg,640,360,horizontal
gWPhS-kYcII,360,640,vertical
hakuh-l8n4w,640,360,horizontal
nzMAL-IdLpY,640,360,horizontal
ZozMa-CyvCg,640,360,horizontal
ZmsBt-Vrq5Y,640,360,horizontal
JUtqk-EeYjo,360,640,vertical
ZHnGb-bbW7s,640,360,horizontal
lzvWv-51A8g,202,360,vertical
IkEVu-6ORdE,640,568,horizontal
qpwNm-Azh6s,640,360,horizontal
kihlc-9udfA,640,360,horizontal
ofeQg-1Sxgo,360,640,vertical
cHjrc-P_sas,360,640,vertical
fSCvA-yMt0E,202,360,vertical
dFgXc-ugaos,360,640,vertical
jltgN-1Ty8w,640,360,horizontal
MWZEO-GlkqU,640,360,horizontal
cOehO-ZxzhE,202,360,vertical
yCnvS-OxEz8,640,360,horizontal
csGms-IQ0Cs,640,360,horizontal
tfJgy-himMI,360,640,vertical
JxwaM-VEfcw,640,342,horizontal
XhcWl-u3eT0,640,360,horizontal
nWhGT-pewzw,202,360,vertical
yRMpF-Zq38Q,640,360,horizontal
SvFGq-PLrag,640,360,horizontal
iLqwt-KdgRQ,640,360,horizontal
QBAmT-0h-SI,640,360,horizontal
Dkfsh-WmWgI,202,360,vertical
bebul-1u8Bg,640,360,horizontal
ulkCy-kg0ZU,640,360,horizontal
RMZmn-keYUY,640,360,horizontal
LuyrG-RnaWg,640,360,horizontal
xXhhM-uROCQ,640,360,horizontal
DsJIH-x2bqc,480,360,horizontal
QXkZF-xE8PE,576,360,horizontal
JBzJR-8mhVk,540,360,horizontal
HYInC--diV4,640,360,horizontal
EPdyn-jUXyk,360,360,square
EUBin-0xXio,360,640,vertical
KQumn-5NhNU,360,360,square
sVJZY-zseM0,640,360,horizontal
VttMP-o4CrE,640,360,horizontal
WsSMT-h57WM,640,360,horizontal
tTpsT-sd98A,640,360,horizontal
MSMRX-8vcPU,202,360,vertical
pAqAS-PJPh0,640,360,horizontal
OcVTB-acXZ4,360,640,vertical
aGXFp-AmHxQ,360,360,square
QutMq-etQxU,640,360,horizontal
ppGuz-5uNmk,320,240,horizontal
XJoGU-J-GNM,360,360,square
NdZGO-WN3xg,640,360,horizontal
kdpoe-idSYQ,640,360,horizontal
LgXay-nOk_0,202,360,vertical
TkBio-vV7CA,640,360,horizontal
nxLIs-2Il9c,360,360,square
YUysf-d7zPE,640,360,horizontal
iZsVY-Hjcd0,202,360,vertical
qzLQC-B1LHA,640,360,horizontal
JTrmf-ZowzU,360,360,square
MSRhi-R5Du0,640,360,horizontal
jbZVz-mc1JI,640,360,horizontal
AaHpo-dIUqc,640,360,horizontal
hSeuk-aL0n8,640,360,horizontal
YTvZD-9UM5Y,640,360,horizontal
RGVIt-dRksM,270,480,vertical
JFAdo-onPSA,360,640,vertical
RcFrd-ZMmEg,640,360,horizontal
xMOsk-I-2Hk,202,360,vertical
CfMPY-o6OWg,202,360,vertical
mRqcu-mCljg,640,360,horizontal
YWbks-Da14s,270,360,vertical
qdcWY-Z3vjs,480,360,horizontal
fzQWW-e0_2w,202,360,vertical
oMMzD-O1_e0,640,360,horizontal
YPrZF-rKQ40,202,360,vertical
EMTRo-qMMEo,202,360,vertical
utsbJ-BB28M,640,360,horizontal
BgdQK-wZpCo,640,360,horizontal
BtPIJ-pyou0,640,360,horizontal
TcUfV-Uycmc,360,640,vertical
EHkLK-DVYUU,320,240,horizontal
fLcYw-FaA7s,640,360,horizontal
GZgNf-Qv278,640,360,horizontal
Zwyza-6zssg,640,360,horizontal
gWPhS-kYcII,360,640,vertical
hakuh-l8n4w,640,360,horizontal
nzMAL-IdLpY,640,360,horizontal
ZozMa-CyvCg,640,360,horizontal
ZmsBt-Vrq5Y,640,360,horizontal
JUtqk-EeYjo,360,640,vertical
ZHnGb-bbW7s,640,360,horizontal
lzvWv-51A8g,202,360,vertical
IkEVu-6ORdE,640,568,horizontal
qpwNm-Azh6s,640,360,horizontal
kihlc-9udfA,640,360,horizontal
ofeQg-1Sxgo,360,640,vertical
cHjrc-P_sas,360,640,vertical
fSCvA-yMt0E,202,360,vertical
dFgXc-ugaos,360,640,vertical
jltgN-1Ty8w,640,360,horizontal
MWZEO-GlkqU,640,360,horizontal
cOehO-ZxzhE,202,360,vertical
yCnvS-OxEz8,640,360,horizontal
csGms-IQ0Cs,640,360,horizontal
tfJgy-himMI,360,640,vertical
JxwaM-VEfcw,640,342,horizontal
XhcWl-u3eT0,640,360,horizontal
nWhGT-pewzw,202,360,vertical
yRMpF-Zq38Q,640,360,horizontal
SvFGq-PLrag,640,360,horizontal
iLqwt-KdgRQ,640,360,horizontal
QBAmT-0h-SI,640,360,horizontal
Dkfsh-WmWgI,202,360,vertical
bebul-1u8Bg,640,360,horizontal
GgijW-awQD8,224,360,vertical
FdeWf-0pvuE,640,296,horizontal
BGjVp-JSNok,640,360,horizontal
WEuZn-Pvue8,270,360,vertical
SKeLr-Nhk4k,640,360,horizontal
iJXbc-UYC5Y,202,360,vertical
tiwDP-3MAFU,640,360,horizontal
oorrC-Hk07M,480,360,horizontal
PQiAI-ZPO9s,640,360,horizontal
VHeNn-sBvj0,272,480,vertical
cpXRt-L1fwk,360,640,vertical
HXWye-xdvvE,360,640,vertical
SZCua-3Rmd8,480,360,horizontal
gIhEE-HkomY,202,360,vertical
rADCy-Nxxo8,640,360,horizontal
TeqHv-Ti_QU,640,360,horizontal
ZZeja-xbAvI,360,640,vertical
NXggC-qqWOE,640,360,horizontal
oKgZF-UhOSI,640,360,horizontal
RulVa-aXErw,480,360,horizontal
WUGxn-Rl6Fk,480,360,horizontal
DSvHr-HfHiY,616,360,horizontal
RlRVo-_oT_4,640,360,horizontal
CRHkH-ZJMdA,640,360,horizontal
kvMkF-Mw7xQ,640,360,horizontal
SeTWn-dLNA8,360,640,vertical
ZIdfO-lQhio,640,360,horizontal
mmjLC-XWScw,360,640,vertical
Wbjue-AxuNY,640,360,horizontal
sRjRs-MMKAQ,202,360,vertical
YMnjF-2Kgoo,640,360,horizontal
kVPCr-EVWng,360,640,vertical
idOIg-T9qp0,640,360,horizontal
attst-JvVgs,360,640,vertical
JlvDL-xojX4,640,360,horizontal
tEGtj-77--o,640,360,horizontal
ErFWg-E43kw,640,360,horizontal
vCVSl-Aw3x8,640,360,horizontal
zubRa-NDm0U,360,640,vertical
BsxnA-k4hPk,640,360,horizontal
rwbDX-vnnUE,640,360,horizontal
oEXnT-bIqKM,640,360,horizontal
vzUSZ-pxoyo,320,568,vertical
gWUGa-JDX7M,320,320,square
vlsKO-dHeJM,640,288,horizontal
mkdlI-5dmlA,640,360,horizontal
EfHGN-UucCQ,640,360,horizontal
OYYjc-luN4Q,640,360,horizontal
myVRp-L28lQ,490,360,horizontal
zgHae-ZfQf0,202,360,vertical
hHWCr-pNYvA,480,360,horizontal
eFFWy-2jKdk,480,272,horizontal
GrbTE-7X__I,482,360,horizontal
qiSGX-55xkQ,640,360,horizontal
LmRrD-ghKjE,640,360,horizontal
wmnVX-DDvkE,640,360,horizontal
MeQQP-Vv8J8,576,360,horizontal
MnUmS-4Ps74,640,360,horizontal
XlPal-G2DCw,480,270,horizontal
wqdOb-qqet0,640,360,horizontal
wwZwA-bwvWw,640,360,horizontal
BDbBW-XAKYg,640,360,horizontal
wQpDA-y13Es,640,360,horizontal
FIYZU--wzbE,640,360,horizontal
TJAHH-gI2Zc,640,360,horizontal
fRqoz-H_bkk,640,360,horizontal
vpLtx-io1nA,360,640,vertical
VIBcT-07aX4,640,360,horizontal
WlqQg-lTPLY,640,360,horizontal
HuRDR-IlbXs,640,360,horizontal
zpQHl-CAN7k,320,240,horizontal
KTQUK-SMddE,640,360,horizontal
utzXh-nyz2w,640,360,horizontal
UZRxz-D9fwk,360,360,square
LWPzf-qJQbo,202,360,vertical
hxhhs-065ls,640,360,horizontal
qiKLQ-1Hsj4,360,640,vertical
iqPVQ-Fwd_4,360,640,vertical
qSwxL-RYZQk,480,360,horizontal
BFhNa-GvAYM,640,360,horizontal
wFHXB-hQj4A,640,360,horizontal
mIwNS-DAyr8,640,360,horizontal
jIqqe-ZgBYw,360,640,vertical
kcEoO-MYlrk,270,360,vertical
LaWFz-uB9RA,202,360,vertical
UGeOT-j5fdo,640,360,horizontal
SnBCp-3sOf8,486,360,horizontal
QkfNC-dcxd8,360,360,square
eMGsL-se12k,360,640,vertical
jUFdk--vV9A,360,640,vertical
UknQZ-L_680,360,640,vertical
ttiVD--yZrI,360,640,vertical
GuLkp-Z-zjQ,480,360,horizontal
LuQRR-Yxtvo,360,640,vertical
OxswL-2p77E,640,330,horizontal
qMJVO-EvQD4,202,360,vertical
qgBBo-qfBbY,640,360,horizontal
ubwhX-XDFng,360,640,vertical
eCqyK-5fIUY,636,360,horizontal
IOPUE-uJFjA,600,360,horizontal
wZoOW-K-xpw,636,360,horizontal
HBUtY-1ApSs,640,360,horizontal
xYDcQ-xhz6Y,640,360,horizontal
niviE-ea-hc,640,360,horizontal
QGuLQ-K36hU,640,360,horizontal
iaVuD-zk-JU,360,640,vertical
oTAWt-eRgy8,640,360,horizontal
UZMBc-D4Nyk,636,360,horizontal
PSiay-T6pUs,640,360,horizontal
fOpUX-femrI,640,360,horizontal
Kqufi-6kvgM,640,360,horizontal
qiRly-s8Sps,640,360,horizontal
MzGdB-oW73A,202,360,vertical
oXJSJ-D1wH8,360,640,vertical
Tdtuw-pxlRE,640,360,horizontal
QJzrB-1BfRk,480,360,horizontal
EsJtI-WH9Is,320,240,horizontal
RWFqy-c5A6M,640,360,horizontal
vrpNA-mdf_g,360,360,square
rdJnw-DzUds,640,360,horizontal
SXNiE-LDg2E,272,360,vertical
SvKgr-YpAgI,270,360,vertical
mSzgj-sWbk4,360,640,vertical
zShUA-Sc8_I,640,360,horizontal
NFYOx-87CcE,480,360,horizontal
TrvTW-6MIwg,640,360,horizontal
bTnOo-fZgbc,640,360,horizontal
UDPPp-W9NBA,640,360,horizontal
MYiFp-Rdq7U,640,360,horizontal
KTMfM-y1_-c,480,272,horizontal
reDNI--kkmk,480,360,horizontal
dsOYp-HyR8E,640,360,horizontal
MgEDj-P4mAY,640,360,horizontal
vMxCz-eIXio,640,360,horizontal
WYitd-uOUaU,640,360,horizontal
QrUQH-rDrkY,360,640,vertical
fpMMa-CiqF8,640,360,horizontal
DTsMb-EsVTc,480,360,horizontal
wTnHX-Yo50I,480,360,horizontal
QGBzI-6eFBQ,640,360,horizontal
Oatci-iyRy4,360,640,vertical
hSuFE-Ux6xE,360,640,vertical
RelQy-5KIUU,540,360,horizontal
OrHnc-lyiJc,640,360,horizontal
TsFGE-tJ-nM,640,360,horizontal
MkXJK-UNDcI,640,288,horizontal
ZvGxK-YJHMA,360,640,vertical
XByEj-7BaDM,640,360,horizontal
UVOIb-jQkLg,640,360,horizontal
QaszB-9j-mY,640,346,horizontal
dHSBE-NTkW0,640,360,horizontal
OGHEN-Kxaec,240,360,vertical
Nbnee-8C9LM,640,360,horizontal
eHHzd-UNoT0,640,360,horizontal
MPVdp-jUdLY,640,360,horizontal
bTSGv-jILa0,640,360,horizontal
cJWJG-QICoQ,640,360,horizontal
frnUf-oLOBI,640,360,horizontal
uNIms-B3sXg,640,360,horizontal
ezlbJ-DUBeM,640,360,horizontal
IAmtA-KOIhY,360,360,square
yJwsd-G9qZM,640,360,horizontal
fRGUU-omWYg,640,360,horizontal
DHdWO-Prfvs,360,640,vertical
GAzRw-o4iss,640,360,horizontal
DFOeU-kPDa4,640,360,horizontal
jTFWT-8GUWs,640,360,horizontal
jqyvN-su5to,640,360,horizontal
RoVvM-rkCvE,640,360,horizontal
diKDV-eetHc,640,360,horizontal
TKRfj-gUuts,360,640,vertical
qUiXu-7xwaU,360,640,vertical
eXlYm-eFCSQ,640,360,horizontal
cNrBp-Fg2Qg,640,360,horizontal
OhoSt-N5K3A,640,360,horizontal