rdURY-t2Yt0,360,640,vertical
oqURR-lrIfM,360,360,square
hdIiT-yAcLY,360,640,vertical
vtjFp-dz4lA,202,360,vertical
CSioI-bi5KE,270,480,vertical
AmJrW-RhMrY,640,360,horizontal
EzZVg-mUQP4,492,360,horizontal
aaiaF-nzHCc,240,360,vertical
tcQrT-_nHr0,202,360,vertical
jOqDh-SJJ6k,360,640,vertical
fdraP-U7hbE,360,640,vertical
bZSXZ-bCFjs,640,360,horizontal
Chvhh-e7jPY,640,352,horizontal
TkOBR-uTgns,202,360,vertical
fkHyB-p5m8I,360,640,vertical
YCsZz-lows8,360,570,vertical
HMWRm-JaTrU,360,640,vertical
xVJcH-lvk0Q,640,360,horizontal
wYmjn-s3iZI,360,640,vertical
ISxTz-C4u50,360,640,vertical
vbNXg-IHeU4,640,352,horizontal
fbRFg-TAVkM,360,360,square
aGMiS-Rrk7w,360,360,square
UjDMG-c24pE,202,360,vertical
LWFYe-an9Kw,640,360,horizontal
YTyQW-qy_ok,640,360,horizontal
dWPSr-iLVVs,360,640,vertical
xsWIm-7uFqI,640,360,horizontal
VZpzO-JmQdo,640,360,horizontal
BYKHN-q7DGE,352,640,vertical
IIJmY-CfPa4,360,640,vertical
IEqnN-xbyRk,360,640,vertical
lJEPE-GTZKQ,360,640,vertical
nCJmD-EJ-Ts,640,360,horizontal
LyhuZ-dJK9I,640,360,horizontal
uqsik-HtP3g,360,640,vertical
isFoK-LhLwA,360,640,vertical
jVoPJ-zGizg,640,360,horizontal
uBFrd-MlLPQ,640,360,horizontal
NQXbp-i09Do,202,360,vertical
ACqJH-_fX7E,330,480,vertical
uKywE-Qgb1Q,360,640,vertical
eTnbG-kN0vs,640,360,horizontal
kGUth-IzTiU,360,640,vertical
tFaaA-k44RQ,640,360,horizontal
uaFuJ-jSSdA,640,360,horizontal
zBbqA-6zAQA,360,640,vertical
AvgOb-pzQ48,640,360,horizontal
iZeeP-UZ1ek,360,640,vertical
LNukY-0zf9M,360,640,vertical
XkWem-mb_74,640,360,horizontal
jErid-Bxbjk,640,360,horizontal
jyxAd-aH_-s,640,352,horizontal
aHykY-1qbhE,640,360,horizontal
vQwIb-fR3xI,640,360,horizontal
iWNcp-tpRqo,360,640,vertical
nyQkz-wHq00,360,640,vertical
yuVyT-vwkiI,352,640,vertical
yNTRy-ruNqg,198,360,vertical
UlLiA-umpk4,360,640,vertical
dEMYc-sUhe0,202,360,vertical
gOGlv-Ct7I4,360,640,vertical
KEBqP-MJ424,360,492,vertical
DcigF-zS2Js,640,360,horizontal
Uxxmx-EoYVI,360,640,vertical
UfEPL-6U6gQ,202,360,vertical
bLNKh-uJm9w,540,360,horizontal
ZyeSI-8e1mc,640,360,horizontal
qWsWf-CBGjc,360,360,square
pePsU-nHALE,640,360,horizontal
dkOlH-KZxcs,360,640,vertical
xJgoI-FjE1A,360,640,vertical
LNIyL-g3eNI,202,360,vertical
iVFHY-_dIPg,640,360,horizontal
nTOae-61jxY,352,640,vertical
lKstq-3Afqg,200,360,vertical
ISaGM-1L7uU,202,360,vertical
