ulkCy-kg0ZU,640,360,horizontal
RMZmn-keYUY,640,360,horizontal
LuyrG-RnaWg,640,360,horizontal
xXhhM-uROCQ,640,360,horizontal
DsJIH-x2bqc,480,360,horizontal
QXkZF-xE8PE,576,360,horizontal
JBzJR-8mhVk,540,360,horizontal
HYInC--diV4,640,360,horizontal
EPdyn-jUXyk,360,360,square
EUBin-0xXio,360,640,vertical
KQumn-5NhNU,360,360,square
sVJZY-zseM0,640,360,horizontal
VttMP-o4CrE,640,360,horizontal
WsSMT-h57WM,640,360,horizontal
tTpsT-sd98A,640,360,horizontal
MSMRX-8vcPU,202,360,vertical
pAqAS-PJPh0,640,360,horizontal
OcVTB-acXZ4,360,640,vertical
aGXFp-AmHxQ,360,360,square
QutMq-etQxU,640,360,horizontal
ppGuz-5uNmk,320,240,horizontal
XJoGU-J-GNM,360,360,square
NdZGO-WN3xg,640,360,horizontal
kdpoe-idSYQ,640,360,horizontal
LgXay-nOk_0,202,360,vertical
TkBio-vV7CA,640,360,horizontal
nxLIs-2Il9c,360,360,square
YUysf-d7zPE,640,360,horizontal
iZsVY-Hjcd0,202,360,vertical
qzLQC-B1LHA,640,360,horizontal
JTrmf-ZowzU,360,360,square
MSRhi-R5Du0,640,360,horizontal
jbZVz-mc1JI,640,360,horizontal
AaHpo-dIUqc,640,360,horizontal
hSeuk-aL0n8,640,360,horizontal
YTvZD-9UM5Y,640,360,horizontal
RGVIt-dRksM,270,480,vertical
JFAdo-onPSA,360,640,vertical
RcFrd-ZMmEg,640,360,horizontal
xMOsk-I-2Hk,202,360,vertical
CfMPY-o6OWg,202,360,vertical
mRqcu-mCljg,640,360,horizontal
YWbks-Da14s,270,360,vertical
qdcWY-Z3vjs,480,360,horizontal
fzQWW-e0_2w,202,360,vertical
oMMzD-O1_e0,640,360,horizontal
YPrZF-rKQ40,202,360,vertical
EMTRo-qMMEo,202,360,vertical
utsbJ-BB28M,640,360,horizontal
BgdQK-wZpCo,640,360,horizontal
BtPIJ-pyou0,640,360,horizontal
TcUfV-Uycmc,360,640,vertical
EHkLK-DVYUU,320,240,horizontal
fLcYw-FaA7s,640,360,horizontal
GZgNf-Qv278,640,360,horizontal
Zwyza-6zssg,640,360,horizontal
gWPhS-kYcII,360,640,vertical
hakuh-l8n4w,640,360,horizontal
nzMAL-IdLpY,640,360,horizontal
ZozMa-CyvCg,640,360,horizontal
ZmsBt-Vrq5Y,640,360,horizontal
JUtqk-EeYjo,360,640,vertical
ZHnGb-bbW7s,640,360,horizontal
lzvWv-51A8g,202,360,vertical
IkEVu-6ORdE,640,568,horizontal
qpwNm-Azh6s,640,360,horizontal
kihlc-9udfA,640,360,horizontal
ofeQg-1Sxgo,360,640,vertical
cHjrc-P_sas,360,640,vertical
fSCvA-yMt0E,202,360,vertical
dFgXc-ugaos,360,640,vertical
jltgN-1Ty8w,640,360,horizontal
MWZEO-GlkqU,640,360,horizontal
cOehO-ZxzhE,202,360,vertical
yCnvS-OxEz8,640,360,horizontal
csGms-IQ0Cs,640,360,horizontal
tfJgy-himMI,360,640,vertical
JxwaM-VEfcw,640,342,horizontal
XhcWl-u3eT0,640,360,horizontal
nWhGT-pewzw,202,360,vertical
yRMpF-Zq38Q,640,360,horizontal
SvFGq-PLrag,640,360,horizontal
iLqwt-KdgRQ,640,360,horizontal
QBAmT-0h-SI,640,360,horizontal
Dkfsh-WmWgI,202,360,vertical
bebul-1u8Bg,640,360,horizontal
