GgijW-awQD8,224,360,vertical
FdeWf-0pvuE,640,296,horizontal
BGjVp-JSNok,640,360,horizontal
WEuZn-Pvue8,270,360,vertical
SKeLr-Nhk4k,640,360,horizontal
iJXbc-UYC5Y,202,360,vertical
tiwDP-3MAFU,640,360,horizontal
oorrC-Hk07M,480,360,horizontal
PQiAI-ZPO9s,640,360,horizontal
VHeNn-sBvj0,272,480,vertical
cpXRt-L1fwk,360,640,vertical
HXWye-xdvvE,360,640,vertical
SZCua-3Rmd8,480,360,horizontal
gIhEE-HkomY,202,360,vertical
rADCy-Nxxo8,640,360,horizontal
TeqHv-Ti_QU,640,360,horizontal
ZZeja-xbAvI,360,640,vertical
NXggC-qqWOE,640,360,horizontal
oKgZF-UhOSI,640,360,horizontal
RulVa-aXErw,480,360,horizontal
WUGxn-Rl6Fk,480,360,horizontal
DSvHr-HfHiY,616,360,horizontal
RlRVo-_oT_4,640,360,horizontal
CRHkH-ZJMdA,640,360,horizontal
kvMkF-Mw7xQ,640,360,horizontal
SeTWn-dLNA8,360,640,vertical
ZIdfO-lQhio,640,360,horizontal
mmjLC-XWScw,360,640,vertical
Wbjue-AxuNY,640,360,horizontal
sRjRs-MMKAQ,202,360,vertical
YMnjF-2Kgoo,640,360,horizontal
kVPCr-EVWng,360,640,vertical
idOIg-T9qp0,640,360,horizontal
attst-JvVgs,360,640,vertical
JlvDL-xojX4,640,360,horizontal
tEGtj-77--o,640,360,horizontal
ErFWg-E43kw,640,360,horizontal
vCVSl-Aw3x8,640,360,horizontal
zubRa-NDm0U,360,640,vertical
BsxnA-k4hPk,640,360,horizontal
rwbDX-vnnUE,640,360,horizontal
oEXnT-bIqKM,640,360,horizontal
vzUSZ-pxoyo,320,568,vertical
gWUGa-JDX7M,320,320,square
vlsKO-dHeJM,640,288,horizontal
mkdlI-5dmlA,640,360,horizontal
EfHGN-UucCQ,640,360,horizontal
OYYjc-luN4Q,640,360,horizontal
myVRp-L28lQ,490,360,horizontal
zgHae-ZfQf0,202,360,vertical
hHWCr-pNYvA,480,360,horizontal
eFFWy-2jKdk,480,272,horizontal
GrbTE-7X__I,482,360,horizontal
qiSGX-55xkQ,640,360,horizontal
LmRrD-ghKjE,640,360,horizontal
wmnVX-DDvkE,640,360,horizontal
MeQQP-Vv8J8,576,360,horizontal
MnUmS-4Ps74,640,360,horizontal
XlPal-G2DCw,480,270,horizontal
wqdOb-qqet0,640,360,horizontal
wwZwA-bwvWw,640,360,horizontal
BDbBW-XAKYg,640,360,horizontal
wQpDA-y13Es,640,360,horizontal
FIYZU--wzbE,640,360,horizontal
TJAHH-gI2Zc,640,360,horizontal
fRqoz-H_bkk,640,360,horizontal
vpLtx-io1nA,360,640,vertical
VIBcT-07aX4,640,360,horizontal
WlqQg-lTPLY,640,360,horizontal
HuRDR-IlbXs,640,360,horizontal
zpQHl-CAN7k,320,240,horizontal
KTQUK-SMddE,640,360,horizontal
utzXh-nyz2w,640,360,horizontal
UZRxz-D9fwk,360,360,square
LWPzf-qJQbo,202,360,vertical
hxhhs-065ls,640,360,horizontal
qiKLQ-1Hsj4,360,640,vertical
iqPVQ-Fwd_4,360,640,vertical
qSwxL-RYZQk,480,360,horizontal
BFhNa-GvAYM,640,360,horizontal
wFHXB-hQj4A,640,360,horizontal
mIwNS-DAyr8,640,360,horizontal
jIqqe-ZgBYw,360,640,vertical
kcEoO-MYlrk,270,360,vertical
LaWFz-uB9RA,202,360,vertical
UGeOT-j5fdo,640,360,horizontal
SnBCp-3sOf8,486,360,horizontal
